<?xml version="1.0" encoding="UTF-8"?><rss version="2.0"
	xmlns:content="http://purl.org/rss/1.0/modules/content/"
	xmlns:wfw="http://wellformedweb.org/CommentAPI/"
	xmlns:dc="http://purl.org/dc/elements/1.1/"
	xmlns:atom="http://www.w3.org/2005/Atom"
	xmlns:sy="http://purl.org/rss/1.0/modules/syndication/"
	xmlns:slash="http://purl.org/rss/1.0/modules/slash/"
	
	xmlns:georss="http://www.georss.org/georss"
	xmlns:geo="http://www.w3.org/2003/01/geo/wgs84_pos#"
	>

<channel>
	<title>Spotify Account</title>
	<atom:link href="https://https://github.com/trantai3320/trantai3320.github.io.git/feed/" rel="self" type="application/rss+xml" />
	<link>https://https://github.com/trantai3320/trantai3320.github.io.git/</link>
	<description>Manager Account Spotify</description>
	<lastBuildDate>Wed, 08 Sep 2021 13:12:48 +0000</lastBuildDate>
	<language>vi</language>
	<sy:updatePeriod>
	hourly	</sy:updatePeriod>
	<sy:updateFrequency>
	1	</sy:updateFrequency>
	<generator>https://wordpress.org/?v=5.8.1</generator>

<image>
	<url>https://https://github.com/trantai3320/trantai3320.github.io.git/wp-content/uploads/2021/09/cropped-unnamed-32x32.png</url>
	<title>Spotify Account</title>
	<link>https://https://github.com/trantai3320/trantai3320.github.io.git/</link>
	<width>32</width>
	<height>32</height>
</image> 
<site xmlns="com-wordpress:feed-additions:1">197514340</site>	<item>
		<title>Góc thú vị: So sánh spotify và apple music</title>
		<link>https://https://github.com/trantai3320/trantai3320.github.io.git/goc-thu-vi-so-sanh-spotify-va-apple-music/</link>
					<comments>https://https://github.com/trantai3320/trantai3320.github.io.git/goc-thu-vi-so-sanh-spotify-va-apple-music/#respond</comments>
		
		<dc:creator><![CDATA[admin]]></dc:creator>
		<pubDate>Wed, 08 Sep 2021 09:38:24 +0000</pubDate>
				<category><![CDATA[Tin Tức]]></category>
		<guid isPermaLink="false">https://https://github.com/trantai3320/trantai3320.github.io.git/?p=99</guid>

					<description><![CDATA[<p>Âm nhạc sẽ mang đến cho bạn những phút giây thư giản sau thời gian mệt mỏi. Có rất nhiều nền tảng âm nhạc lớn trên thế giới có mặt tại Việt Nam mà đại diện là spotify và apple music. Vậy giữa spotify và apple music nên chọn nền tảng nào? Bài viết sau [...]</p>
<p>The post <a rel="nofollow" href="https://https://github.com/trantai3320/trantai3320.github.io.git/goc-thu-vi-so-sanh-spotify-va-apple-music/">Góc thú vị: So sánh spotify và apple music</a> appeared first on <a rel="nofollow" href="https://https://github.com/trantai3320/trantai3320.github.io.git/">Spotify Account</a>.</p>
]]></description>
										<content:encoded><![CDATA[<p><img loading="lazy" class="aligncenter size-full wp-image-100" src="https://https://github.com/trantai3320/trantai3320.github.io.git/wp-content/uploads/2021/09/so-sanh-spotify-va-apple-music-02.jpg" alt="" width="600" height="290" srcset="https://https://github.com/trantai3320/trantai3320.github.io.git/wp-content/uploads/2021/09/so-sanh-spotify-va-apple-music-02.jpg 600w, https://https://github.com/trantai3320/trantai3320.github.io.git/wp-content/uploads/2021/09/so-sanh-spotify-va-apple-music-02-300x145.jpg 300w" sizes="(max-width: 600px) 100vw, 600px" /></p>
<p style="text-align: left;">Âm nhạc sẽ mang đến cho bạn những phút giây thư giản sau thời gian mệt mỏi. Có rất nhiều nền tảng âm nhạc lớn trên thế giới có mặt tại Việt Nam mà đại diện là spotify và apple music. Vậy giữa spotify và apple music nên chọn nền tảng nào? Bài viết sau đây <a href="https://taikhoanspotify.com/">taikhoanspotify</a> sẽ giúp bạn so sánh  spotify và apple music để tìm được nền tảng nổi bật. Các bạn hãy cùng tham khảo nhé!</p>
<p><img loading="lazy" class="aligncenter size-full wp-image-103" src="https://https://github.com/trantai3320/trantai3320.github.io.git/wp-content/uploads/2021/09/so-sanh-spotify-va-apple-music-01.jpg" alt="Spotify và apple music là hai nền tảng âm nhạc lớn nhất hiện nay" width="600" height="337" srcset="https://https://github.com/trantai3320/trantai3320.github.io.git/wp-content/uploads/2021/09/so-sanh-spotify-va-apple-music-01.jpg 600w, https://https://github.com/trantai3320/trantai3320.github.io.git/wp-content/uploads/2021/09/so-sanh-spotify-va-apple-music-01-300x169.jpg 300w" sizes="(max-width: 600px) 100vw, 600px" /></p>
<h2 id="ftoc-heading-1" class="ftwp-heading"><b>Giới thiệu về Spotify và Apple Music</b></h2>
<p><b>Giới thiệu về </b><b>Spotify</b></p>
<p>Đây là nền tảng stream nhạc trực tuyến giống với Nhaccuatui, Zing MP3 hoặc Apple Music. Điểm khác biệt của ứng dụng này nằm ở khả năng hỗ trợ nhạc đa nền tảng, giúp người dùng có thể nghe nhạc trực tuyến. Người dùng dễ dàng kiếm tìm cho mình một nghệ sĩ hoặc thể loại âm nhạc mình yêu thích chỉ trong tích tắc.</p>
<p>Theo số liệu thống kê năm 2017, ứng dụng Spotify là dịch vụ stream nhạc sở hữu lượng người dùng lớn nhất toàn cầu. Xếp vị trí thứ 2 là Apple Mucsic với 27 triệu người dùng trả phí. Ứng dụng Spotify ra mắt tháng 10/2008 và sau hơn 2 năm hoạt động đã có hơn 10 triệu người dùng. Trong đó có 2,5 triệu người sử dụng trả phí.</p>
<p>Cuối năm 2012, ứng dụng này đã tăng lên 20 triệu người dùng, trong đó có 5 triệu người trả phí. Tới đầu năm 2015, con số này cán mốc 60 triệu người dùng, trong đó có 15 triệu người dùng trả phí. Tính tới thời điểm hiện tại, Spotify có số lượng người dùng tăng lên 140 triệu người dùng hàng tháng. Trong đó có tới 60 triệu người dùng trả phí.</p>
<p><b>Giới thiệu về </b><b>apple music</b></p>
<p>Apple Music là dịch vụ thuê bao nhạc số, cho phép người dùng đăng ký thuê bao để nghe nhạc trực tuyến theo dạng truyền tải (streaming) hay nghe lại sau (download). Apple cho biết trong giai đoạn đầu kho nhạc số của Apple Music có hơn 30 triệu bài nhạc.</p>
<p>Thử nghiệm Apple Music, kho nhạc số bao gồm cả những album nhạc vàng, nhạc tiền chiến… Chức năng tìm kiếm hỗ trợ cả tiếng Việt không dấu và có dấu, kết quả tìm nhạc và album chính xác.</p>
<p>Chất lượng nhạc truyền tải (streaming) của Apple Music ở mức 256Kbps định dạng AAC, so với mức 320Kbps hai đối thủ Spotify và Google Play Music.</p>
<p><img loading="lazy" class="aligncenter size-full wp-image-105" src="https://https://github.com/trantai3320/trantai3320.github.io.git/wp-content/uploads/2021/09/so-sanh-spotify-va-apple-music-02-1.jpg" alt="Hai nền tảng âm nhạc này đều có những ưu điểm riêng" width="600" height="290" srcset="https://https://github.com/trantai3320/trantai3320.github.io.git/wp-content/uploads/2021/09/so-sanh-spotify-va-apple-music-02-1.jpg 600w, https://https://github.com/trantai3320/trantai3320.github.io.git/wp-content/uploads/2021/09/so-sanh-spotify-va-apple-music-02-1-300x145.jpg 300w" sizes="(max-width: 600px) 100vw, 600px" /></p>
<h2 id="ftoc-heading-2" class="ftwp-heading"><b>So sánh Spotify và Apple Music</b></h2>
<p>Spotify và Apple Music là 2 ứng dụng nghe nhạc đang được dùng nhiều nhất tại Việt Nam bên cạnh các dịch vụ khác. Vậy hai dịch vụ này khác nhau những gì?</p>
<h3 id="ftoc-heading-3" class="ftwp-heading"><b>Gói cước và dịch vụ</b></h3>
<p>Cả Spotify và Apple Music đều cung cấp thời gian dùng thử miễn phí ba tháng cho gói cao cấp Premium của họ, thường có giá dao động từ 59.000 VNĐ/tháng. Đặc biệt, hai dịch vụ này còn có mức giá ưu đãi 29.000 VNĐ/tháng cho sinh viên và 89.000/tháng/6 người cho gói cước gia đình.</p>
<p>Với phiên bản cao cấp (Premium), bạn có thể truyền phát bất kỳ bài hát nào từ danh mục theo yêu cầu, đồng thời có thể nghe các bài hát ngoại tuyến không cần mạng.</p>
<p>Ưu điểm của Spotify là có gói miễn phí, người dùng nếu không thích vẫn có thể nghe nhạc được tuy nhiên sẽ bị dính quảng cáo cũng như mất rất nhiều chức năng hấp dẫn khác.</p>
<p>Trong khi đó, Apple Music chỉ cho phép người dùng miễn phí phát trực tuyến Beats1 Radio hoặc bạn có thể nghe các bài hát từ thư viện iTunes của mình.</p>
<p>Như vậy chúng ta thấy được Spotify thắng thế hơn so với Apple Music về mặt giá cước.</p>
<p>The post <a rel="nofollow" href="https://https://github.com/trantai3320/trantai3320.github.io.git/goc-thu-vi-so-sanh-spotify-va-apple-music/">Góc thú vị: So sánh spotify và apple music</a> appeared first on <a rel="nofollow" href="https://https://github.com/trantai3320/trantai3320.github.io.git/">Spotify Account</a>.</p>
]]></content:encoded>
					
					<wfw:commentRss>https://https://github.com/trantai3320/trantai3320.github.io.git/goc-thu-vi-so-sanh-spotify-va-apple-music/feed/</wfw:commentRss>
			<slash:comments>0</slash:comments>
		
		
		<post-id xmlns="com-wordpress:feed-additions:1">99</post-id>	</item>
		<item>
		<title>Bật mí bạn cách tải và nghe nhạc offline trên spotify</title>
		<link>https://https://github.com/trantai3320/trantai3320.github.io.git/bat-mi-ban-cach-tai-va-nghe-nhac-offline-tren-spotify/</link>
					<comments>https://https://github.com/trantai3320/trantai3320.github.io.git/bat-mi-ban-cach-tai-va-nghe-nhac-offline-tren-spotify/#respond</comments>
		
		<dc:creator><![CDATA[admin]]></dc:creator>
		<pubDate>Wed, 08 Sep 2021 09:18:12 +0000</pubDate>
				<category><![CDATA[Tin Tức]]></category>
		<guid isPermaLink="false">https://https://github.com/trantai3320/trantai3320.github.io.git/?p=89</guid>

					<description><![CDATA[<p>Spotify là một phần mềm tiêu biểu liên quan đến âm nhạc. Đến với Spotify bạn sẽ được trải nghiệm không gian âm nhạc chất lượng với những bài hát bất hủ trên thế giới. Vậy Spotify là gì? Cách tải nhạc trên spotify và cách nghe nhạc offline trên spotify như thế nào? Hãy [...]</p>
<p>The post <a rel="nofollow" href="https://https://github.com/trantai3320/trantai3320.github.io.git/bat-mi-ban-cach-tai-va-nghe-nhac-offline-tren-spotify/">Bật mí bạn cách tải và nghe nhạc offline trên spotify</a> appeared first on <a rel="nofollow" href="https://https://github.com/trantai3320/trantai3320.github.io.git/">Spotify Account</a>.</p>
]]></description>
										<content:encoded><![CDATA[<p><img src="https://sp-ao.shortpixel.ai/client/to_avif,q_glossy,ret_img,w_600,h_386/https://taikhoanspotify.com/wp-content/uploads/2020/12/cach-tai-nhac-tren-spotify-01.jpg" alt="Spotify là nền tảng stream nhạc trực tuyến tương tự như Apple Music hay Zing MP3" /></p>
<p>Spotify là một phần mềm tiêu biểu liên quan đến âm nhạc. Đến với Spotify bạn sẽ được trải nghiệm không gian âm nhạc chất lượng với những bài hát bất hủ trên thế giới. Vậy Spotify là gì? Cách tải nhạc trên spotify và cách nghe nhạc offline trên spotify như thế nào? Hãy cùng <a href="https://taikhoanspotify.com/">taikhoanspotify</a> tìm hiểu qua bài viết sau đây!</p>
<figure id="attachment_1756" class="wp-caption aligncenter" aria-describedby="caption-attachment-1756"><img loading="lazy" class="size-full wp-image-1756 ls-is-cached lazyloaded" title="Bật mí bạn cách tải và nghe nhạc offline trên spotify 7" src="https://sp-ao.shortpixel.ai/client/to_avif,q_glossy,ret_img,w_600,h_386/https://taikhoanspotify.com/wp-content/uploads/2020/12/cach-tai-nhac-tren-spotify-01.jpg" sizes="(max-width: 600px) 100vw, 600px" srcset="https://sp-ao.shortpixel.ai/client/to_avif,q_glossy,ret_img,w_600/https://taikhoanspotify.com/wp-content/uploads/2020/12/cach-tai-nhac-tren-spotify-01.jpg 600w, https://sp-ao.shortpixel.ai/client/q_glossy,ret_img,w_300/https://taikhoanspotify.com/wp-content/uploads/2020/12/cach-tai-nhac-tren-spotify-01-300x193.jpg 300w, https://sp-ao.shortpixel.ai/client/q_glossy,ret_img,w_343/https://taikhoanspotify.com/wp-content/uploads/2020/12/cach-tai-nhac-tren-spotify-01-343x221.jpg 343w" alt="Spotify là nền tảng stream nhạc trực tuyến tương tự như Apple Music hay Zing MP3" width="600" height="386" data-src="https://sp-ao.shortpixel.ai/client/to_avif,q_glossy,ret_img,w_600,h_386/https://taikhoanspotify.com/wp-content/uploads/2020/12/cach-tai-nhac-tren-spotify-01.jpg" data-srcset="https://sp-ao.shortpixel.ai/client/to_avif,q_glossy,ret_img,w_600/https://taikhoanspotify.com/wp-content/uploads/2020/12/cach-tai-nhac-tren-spotify-01.jpg 600w, https://sp-ao.shortpixel.ai/client/q_glossy,ret_img,w_300/https://taikhoanspotify.com/wp-content/uploads/2020/12/cach-tai-nhac-tren-spotify-01-300x193.jpg 300w, https://sp-ao.shortpixel.ai/client/q_glossy,ret_img,w_343/https://taikhoanspotify.com/wp-content/uploads/2020/12/cach-tai-nhac-tren-spotify-01-343x221.jpg 343w" data-sizes="(max-width: 600px) 100vw, 600px" /><figcaption id="caption-attachment-1756" class="wp-caption-text">Spotify là nền tảng stream nhạc trực tuyến tương tự như Apple Music hay Zing MP3</figcaption></figure>
<h2 id="ftoc-heading-1" class="ftwp-heading"><b>Spotify là gì?</b></h2>
<p>Spotify là nền tảng stream nhạc trực tuyến tương tự như Apple Music hay Zing MP3 và NhacCuaTui… Tuy nhiên, điểm đặc biệt của Spotify chính là khả năng hỗ trợ nhạc đa nền tảng giúp bạn có thể nghe nhạc trực tuyến. Người dùng có thể tìm kiếm bất kì một nghệ sĩ nào trên thế giới, hoặc thể loại nhạc yêu thích phù hợp.</p>
<p>Theo thống kê của năm 2017, Spotify đang là dịch vụ stream nhạc có số lượng người dùng áp đảo nhất trên toàn cầu. Trong khi đó, ở vị trí số 2, Apple Music đang có 27 triệu người dùng trả phí.</p>
<p>Spotify được ra mắt vào tháng 10/2008. Chỉ sau hơn 2 năm hoạt động, ứng dụng này đã có 10 triệu người dùng, trong đó có tới 2,5 triệu người trả phí (chiếm 25%), một con số rất ấn tượng. Đến cuối năm 2012, số người dùng ứng dụng nghe nhạc này đạt 20 triệu người dùng (có 5 triệu người dùng trả phí) và đến tháng 1/2015, con số này đã tăng lên gấp 3 khi đạt 60 triệu người dùng (15 triệu người dùng trả phí).</p>
<p>Còn thời điểm hiện tại, số lượng người sử dụng Spotify đã tăng lên 140 triệu người dùng hàng tháng, trong đó có 60 triệu người dùng trả phí hàng tháng, tăng thêm 80 triệu người dùng so với năm 2015.</p>
<p>Trước đây, Spotify hoàn toàn không hỗ trợ thị trường Việt Nam khiến cho người dùng muốn trải nghiệm dịch vụ này phải tạo IP ảo (fake IP) bằng VPN mới có thể trải nghiệm. Chính vì vậy, việc chính thức bước vào thị trường Việt Nam của ứng dụng này sẽ đem đến cho người dùng một lựa chọn mới cho dịch vụ nghe nhạc trực tuyến vốn đã bị Zing MP3 và NhacCuaTui chi phối suốt thời gian qua.</p>
<figure id="attachment_1757" class="wp-caption aligncenter" aria-describedby="caption-attachment-1757"><img loading="lazy" class="size-full wp-image-1757 lazyloaded" title="Bật mí bạn cách tải và nghe nhạc offline trên spotify 8" src="https://sp-ao.shortpixel.ai/client/to_avif,q_glossy,ret_img,w_600,h_338/https://taikhoanspotify.com/wp-content/uploads/2020/12/cach-tai-nhac-tren-spotify-02.jpg" sizes="(max-width: 600px) 100vw, 600px" srcset="https://sp-ao.shortpixel.ai/client/to_avif,q_glossy,ret_img,w_600/https://taikhoanspotify.com/wp-content/uploads/2020/12/cach-tai-nhac-tren-spotify-02.jpg 600w, https://sp-ao.shortpixel.ai/client/q_glossy,ret_img,w_300/https://taikhoanspotify.com/wp-content/uploads/2020/12/cach-tai-nhac-tren-spotify-02-300x169.jpg 300w, https://sp-ao.shortpixel.ai/client/q_glossy,ret_img,w_343/https://taikhoanspotify.com/wp-content/uploads/2020/12/cach-tai-nhac-tren-spotify-02-343x193.jpg 343w" alt="Spotify có khả năng hỗ trợ nhạc đa nền tảng giúp bạn có thể nghe nhạc trực tuyến" width="600" height="338" data-src="https://sp-ao.shortpixel.ai/client/to_avif,q_glossy,ret_img,w_600,h_338/https://taikhoanspotify.com/wp-content/uploads/2020/12/cach-tai-nhac-tren-spotify-02.jpg" data-srcset="https://sp-ao.shortpixel.ai/client/to_avif,q_glossy,ret_img,w_600/https://taikhoanspotify.com/wp-content/uploads/2020/12/cach-tai-nhac-tren-spotify-02.jpg 600w, https://sp-ao.shortpixel.ai/client/q_glossy,ret_img,w_300/https://taikhoanspotify.com/wp-content/uploads/2020/12/cach-tai-nhac-tren-spotify-02-300x169.jpg 300w, https://sp-ao.shortpixel.ai/client/q_glossy,ret_img,w_343/https://taikhoanspotify.com/wp-content/uploads/2020/12/cach-tai-nhac-tren-spotify-02-343x193.jpg 343w" data-sizes="(max-width: 600px) 100vw, 600px" /><figcaption id="caption-attachment-1757" class="wp-caption-text">Spotify có khả năng hỗ trợ nhạc đa nền tảng giúp bạn có thể nghe nhạc trực tuyến</figcaption></figure>
<p>Nếu là lần đầu tiên sử dụng Spotify, người dùng sẽ được trải nghiệm gói Premium miễn phí trong vòng 1 tháng với yêu cầu phải cập nhật thông tin thẻ ngân hàng (để mua gói Premium về sau). Lưu ý, người dùng phải chủ động hủy gói hoặc xóa thông tin thẻ khỏi dịch vụ nếu không muốn Spotify Premium được gia hạn tự động.</p>
<p>Được biết, ngoài dịch vụ nghe nhạc miễn phí, Spotify còn giới thiệu dịch vụ Premium có giá 59.000đ mỗi tháng. Đây được coi là một mức giá khá phải chăng và có phần ưu ái thị trường Việt Nam của hãng khi thấp hơn rất nhiều so với $9.99 (tương đương 227.000đ) tại thị trường Mỹ.</p>
<p>Với tài khoản Premium trên Spotify, người dùng sẽ có cho mình khả năng tải và nghe nhạc chất lượng cao, bỏ qua bất kì bài hát nào bạn không thích và hiển nhiên bao gồm cả việc loại bỏ hoàn toàn quảng cáo trong ứng dụng. Nếu muốn bạn cũng có thể dùng thử 30 ngày Premium hoàn toàn miễn phí rồi quyết định có mua nó hay không.</p>
<p>Hiện Spotify đã được phát hành miễn phí trên các kho ứng dụng CH Play, App Store, Play Stations và website chính chủ.</p>
<p>Hãy theo dõi video sau đây để biết Cách tải nhạc trên spotify các bạn nhé!</p>
<div class="jetpack-video-wrapper"><iframe title="Cách tải nhạc từ Spotify về điện thoại" src="about:blank" frameborder="0" allowfullscreen="allowfullscreen" data-lazyloaded="1" data-src="https://www.youtube.com/embed/3_0Vzr_0CSo?feature=oembed" data-ratio="0.5620253164556962" data-width="790" data-height="444" data-mce-fragment="1"></iframe></div>
<h2 id="ftoc-heading-2" class="ftwp-heading"><b>Cách tải nhạc trên Spotify về máy tính</b></h2>
<p>Bước 1: Đăng ký tài khoản Spotify Premium, và đăng nhập vào tài khoản trên Windows hoặc Macbook.</p>
<p>Bước 2: Tìm kiếm danh sách phát mà bạn muốn tải về.</p>
<p><img loading="lazy" class="size-full wp-image-1758 aligncenter lazyloaded" title="Bật mí bạn cách tải và nghe nhạc offline trên spotify 9" src="https://sp-ao.shortpixel.ai/client/to_avif,q_glossy,ret_img,w_600,h_531/https://taikhoanspotify.com/wp-content/uploads/2020/12/cach-tai-nhac-tren-spotify-03.jpg" sizes="(max-width: 600px) 100vw, 600px" srcset="https://sp-ao.shortpixel.ai/client/to_avif,q_glossy,ret_img,w_600/https://taikhoanspotify.com/wp-content/uploads/2020/12/cach-tai-nhac-tren-spotify-03.jpg 600w, https://sp-ao.shortpixel.ai/client/q_glossy,ret_img,w_300/https://taikhoanspotify.com/wp-content/uploads/2020/12/cach-tai-nhac-tren-spotify-03-300x266.jpg 300w, https://sp-ao.shortpixel.ai/client/q_glossy,ret_img,w_343/https://taikhoanspotify.com/wp-content/uploads/2020/12/cach-tai-nhac-tren-spotify-03-343x304.jpg 343w" alt="Bật mí bạn cách tải và nghe nhạc offline trên spotify 3" width="600" height="531" data-src="https://sp-ao.shortpixel.ai/client/to_avif,q_glossy,ret_img,w_600,h_531/https://taikhoanspotify.com/wp-content/uploads/2020/12/cach-tai-nhac-tren-spotify-03.jpg" data-srcset="https://sp-ao.shortpixel.ai/client/to_avif,q_glossy,ret_img,w_600/https://taikhoanspotify.com/wp-content/uploads/2020/12/cach-tai-nhac-tren-spotify-03.jpg 600w, https://sp-ao.shortpixel.ai/client/q_glossy,ret_img,w_300/https://taikhoanspotify.com/wp-content/uploads/2020/12/cach-tai-nhac-tren-spotify-03-300x266.jpg 300w, https://sp-ao.shortpixel.ai/client/q_glossy,ret_img,w_343/https://taikhoanspotify.com/wp-content/uploads/2020/12/cach-tai-nhac-tren-spotify-03-343x304.jpg 343w" data-sizes="(max-width: 600px) 100vw, 600px" /></p>
<p>Bước 3: Sau khi tìm được danh sách phát từ tài khoản của mình, nhấn vào nút Download ở phía bên phải để chuyển nó sang màu xanh. Toàn bộ bài hát trong danh sách phát ngay lập tức tải về máy tính của bạn.</p>
<p>Bước 4: Sau khi hoàn tất quá trình tải xuống, tất cả bài hát có trong danh sách phát này sẽ có thể nghe được ở chế độ offline.</p>
<figure id="attachment_1759" class="wp-caption aligncenter" aria-describedby="caption-attachment-1759"><img loading="lazy" class="size-full wp-image-1759 lazyloaded" title="Bật mí bạn cách tải và nghe nhạc offline trên spotify 10" src="https://sp-ao.shortpixel.ai/client/to_avif,q_glossy,ret_img,w_600,h_308/https://taikhoanspotify.com/wp-content/uploads/2020/12/cach-tai-nhac-tren-spotify-04.jpg" sizes="(max-width: 600px) 100vw, 600px" srcset="https://sp-ao.shortpixel.ai/client/to_avif,q_glossy,ret_img,w_600/https://taikhoanspotify.com/wp-content/uploads/2020/12/cach-tai-nhac-tren-spotify-04.jpg 600w, https://sp-ao.shortpixel.ai/client/q_glossy,ret_img,w_300/https://taikhoanspotify.com/wp-content/uploads/2020/12/cach-tai-nhac-tren-spotify-04-300x154.jpg 300w, https://sp-ao.shortpixel.ai/client/q_glossy,ret_img,w_343/https://taikhoanspotify.com/wp-content/uploads/2020/12/cach-tai-nhac-tren-spotify-04-343x176.jpg 343w" alt="Trước đây, Spotify không hỗ trợ thị trường Việt Nam, người dùng muốn trải nghiệm dịch vụ này phải tạo IP ảo" width="600" height="308" data-src="https://sp-ao.shortpixel.ai/client/to_avif,q_glossy,ret_img,w_600,h_308/https://taikhoanspotify.com/wp-content/uploads/2020/12/cach-tai-nhac-tren-spotify-04.jpg" data-srcset="https://sp-ao.shortpixel.ai/client/to_avif,q_glossy,ret_img,w_600/https://taikhoanspotify.com/wp-content/uploads/2020/12/cach-tai-nhac-tren-spotify-04.jpg 600w, https://sp-ao.shortpixel.ai/client/q_glossy,ret_img,w_300/https://taikhoanspotify.com/wp-content/uploads/2020/12/cach-tai-nhac-tren-spotify-04-300x154.jpg 300w, https://sp-ao.shortpixel.ai/client/q_glossy,ret_img,w_343/https://taikhoanspotify.com/wp-content/uploads/2020/12/cach-tai-nhac-tren-spotify-04-343x176.jpg 343w" data-sizes="(max-width: 600px) 100vw, 600px" /><figcaption id="caption-attachment-1759" class="wp-caption-text">Trước đây, Spotify không hỗ trợ thị trường Việt Nam, người dùng muốn trải nghiệm dịch vụ này phải tạo IP ảo</figcaption></figure>
<h2 id="ftoc-heading-3" class="ftwp-heading"><b>Cách download nhạc trên Spotify về điện thoại</b></h2>
<p>Tuy giao diện có hơi khác nhau giữa người dùng Android và iOS, nhưng bạn có thể làm theo hướng dẫn bên dưới của mình.</p>
<p>Bước 1: Tải xuống ứng dụng Spotify và đăng nhập vào tài khoản Spotify Premium của mình.</p>
<p>Bước 2: Hãy tìm album hoặc playlist mà bạn muốn tải về. Trên điện thoại Android, nhấn vào thanh trượt ở nút Download nằm ở góc phải; Trên iOS, nhấn vào biểu tượng Mũi tên xuống màu xanh ở góc trái.</p>
<p>Bước 3: Sau đó, phía dưới những bài hát có trong playlist sẽ xuất hiện dấu mũi tên màu xanh chứng tỏ rằng quá trình tải xuống bài hát đã thành công. Thời gian tải tùy thuộc vào tốc độ mạng cũng như số lượng bài hát.</p>
<p>Bước 4: Nhấn vào những dấu mũi tên xanh ở từng bài hát để tải xuống bài hát mà bạn yêu thích.</p>
<p>Xem thêm: <a href="https://taikhoanspotify.com/so-sanh-spotify-va-apple-music">Góc thú vị: So sánh spotify và apple music</a></p>
<p>Xem thêm:  <a href="https://taikhoanspotify.com/spotify-la-gi">Góc tò mò: Spotify là gì? Điều gì khiến Spotify HOT như vậy?</a></p>
<h2 id="ftoc-heading-4" class="ftwp-heading"><b>Cách nghe nhạc trên Spotify ở chế độ ngoại tuyến</b></h2>
<p>Nếu không có kết nối mạng mà bạn muốn thưởng thức những bài hát mà mình đã tải xuống trên Spotify thì phải như thế nào đây? Dễ nhất là chúng ta sẽ nghe chúng ở chế độ offline.</p>
<p>Bước 1: Đầu tiên, bạn hãy nhấn vào nút Library &gt; Music và tìm album hoặc danh sách phát mà bạn đã tải xuống trước đó. Nếu chúng đã được tải xuống trước đó và có thể nghe ở chế độ ngoại tuyến thì bạn sẽ thấy có nút mũi tên màu xanh như hình.</p>
<p>Bước 2: Ngoài ra, để có thể kiểm tra toàn bộ những bài hát ở chế độ ngoại tuyến thì bạn hãy bật chế độ Offline Mode, trong chế độ này thì Spotify chỉ hiển thị bài hát mà bạn đã tải xuống rồi. Trên điện thoại Android, bạn hãy chọn Home và nhấn vào biểu tượng răng cưa ở góc trên của màn hình, sau đó kéo thanh trượt sang phải tại mục Offline Mode để bật nó lên. Trên iOS, thì bạn hãy nhấn Home &gt; Biểu tượng răng cưa &gt; Playback &gt; Offline.</p>
<p><img loading="lazy" class="size-full wp-image-1760 aligncenter lazyloaded" title="Bật mí bạn cách tải và nghe nhạc offline trên spotify 11" src="https://sp-ao.shortpixel.ai/client/to_avif,q_glossy,ret_img,w_600,h_491/https://taikhoanspotify.com/wp-content/uploads/2020/12/cach-tai-nhac-tren-spotify-05.jpg" sizes="(max-width: 600px) 100vw, 600px" srcset="https://sp-ao.shortpixel.ai/client/to_avif,q_glossy,ret_img,w_600/https://taikhoanspotify.com/wp-content/uploads/2020/12/cach-tai-nhac-tren-spotify-05.jpg 600w, https://sp-ao.shortpixel.ai/client/q_glossy,ret_img,w_300/https://taikhoanspotify.com/wp-content/uploads/2020/12/cach-tai-nhac-tren-spotify-05-300x246.jpg 300w, https://sp-ao.shortpixel.ai/client/q_glossy,ret_img,w_343/https://taikhoanspotify.com/wp-content/uploads/2020/12/cach-tai-nhac-tren-spotify-05-343x281.jpg 343w" alt="Bật mí bạn cách tải và nghe nhạc offline trên spotify 4" width="600" height="491" data-src="https://sp-ao.shortpixel.ai/client/to_avif,q_glossy,ret_img,w_600,h_491/https://taikhoanspotify.com/wp-content/uploads/2020/12/cach-tai-nhac-tren-spotify-05.jpg" data-srcset="https://sp-ao.shortpixel.ai/client/to_avif,q_glossy,ret_img,w_600/https://taikhoanspotify.com/wp-content/uploads/2020/12/cach-tai-nhac-tren-spotify-05.jpg 600w, https://sp-ao.shortpixel.ai/client/q_glossy,ret_img,w_300/https://taikhoanspotify.com/wp-content/uploads/2020/12/cach-tai-nhac-tren-spotify-05-300x246.jpg 300w, https://sp-ao.shortpixel.ai/client/q_glossy,ret_img,w_343/https://taikhoanspotify.com/wp-content/uploads/2020/12/cach-tai-nhac-tren-spotify-05-343x281.jpg 343w" data-sizes="(max-width: 600px) 100vw, 600px" /></p>
<h2 id="ftoc-heading-5" class="ftwp-heading"><b>Cách xóa danh sách phát và album trên Spotify</b></h2>
<p>Nếu bạn không còn muốn nghe những bài hát có trong playlist hoặc album của mình hoặc muốn giải phóng dung lượng có trên thiết bị thì cách tốt nhất là xóa chúng đi. Bạn chỉ việc mở album hoặc playlist mà mình cần xóa sau đó nhấn vào biểu tượng Download để nó chuyển sang trạng thái OFF (Android), hoặc nhấn vào biểu tượng Mũi tên xuống màu xanh và nhấn Remove ở cửa sổ thông báo (iOS).</p>
<h2 id="ftoc-heading-6" class="ftwp-heading"><b>Một số lưu ý khi tải nhạc trên Spotify về máy tính và điện thoại</b></h2>
<p>– Spotify cho phép người dùng tải nhạc chất lượng cao. Nhưng file sẽ bị mã hóa và các bạn không thể lấy nó ra được.</p>
<p>– Cách tải nhạc trên Spotify trên máy tính và điện thoại chỉ áp dụng dành cho tài khoản Premium.</p>
<p>Bài viết trên đã gửi đến bạn cách tải nhạc trên Spotify. Hy vọng bài viết trên có thể giúp ích được cho bạn tận hưởng được phút giây thư giản mỗi ngày. Trải lòng mình với những phút giây thư giản âm nhạc cùng Spotify các bạn nhé!</p>
<p>The post <a rel="nofollow" href="https://https://github.com/trantai3320/trantai3320.github.io.git/bat-mi-ban-cach-tai-va-nghe-nhac-offline-tren-spotify/">Bật mí bạn cách tải và nghe nhạc offline trên spotify</a> appeared first on <a rel="nofollow" href="https://https://github.com/trantai3320/trantai3320.github.io.git/">Spotify Account</a>.</p>
]]></content:encoded>
					
					<wfw:commentRss>https://https://github.com/trantai3320/trantai3320.github.io.git/bat-mi-ban-cach-tai-va-nghe-nhac-offline-tren-spotify/feed/</wfw:commentRss>
			<slash:comments>0</slash:comments>
		
		
		<post-id xmlns="com-wordpress:feed-additions:1">89</post-id>	</item>
		<item>
		<title>Hướng dẫn cách sử dụng spotify và những mẹo hay khi dùng spotify</title>
		<link>https://https://github.com/trantai3320/trantai3320.github.io.git/huong-dan-cach-su-dung-spotify-va-nhung-meo-hay-khi-dung-spotify/</link>
					<comments>https://https://github.com/trantai3320/trantai3320.github.io.git/huong-dan-cach-su-dung-spotify-va-nhung-meo-hay-khi-dung-spotify/#respond</comments>
		
		<dc:creator><![CDATA[admin]]></dc:creator>
		<pubDate>Wed, 08 Sep 2021 09:15:02 +0000</pubDate>
				<category><![CDATA[Tin Tức]]></category>
		<guid isPermaLink="false">https://https://github.com/trantai3320/trantai3320.github.io.git/?p=85</guid>

					<description><![CDATA[<p>Spotify là phần mềm âm nhạc hay và chất lượng được nhiều người trên thế giới ưa chuộng. Thế nhưng dù đã về đến Việt Nam nhưng vẫn còn rất nhiều người chưa biết cách sử dụng Spotify. Bài viết sau đây lessonopoly sẽ hướng dẫn bạn cách sử dung Spotify. Spotify là dịch vụ phát [...]</p>
<p>The post <a rel="nofollow" href="https://https://github.com/trantai3320/trantai3320.github.io.git/huong-dan-cach-su-dung-spotify-va-nhung-meo-hay-khi-dung-spotify/">Hướng dẫn cách sử dụng spotify và những mẹo hay khi dùng spotify</a> appeared first on <a rel="nofollow" href="https://https://github.com/trantai3320/trantai3320.github.io.git/">Spotify Account</a>.</p>
]]></description>
										<content:encoded><![CDATA[<header class="entry-header"></header>
<div class="entry-content">
<p style="text-align: left;"><img loading="lazy" class="aligncenter size-full wp-image-94" src="https://https://github.com/trantai3320/trantai3320.github.io.git/wp-content/uploads/2021/09/Spotify-la-gi-04.jpg" alt="" width="600" height="400" srcset="https://https://github.com/trantai3320/trantai3320.github.io.git/wp-content/uploads/2021/09/Spotify-la-gi-04.jpg 600w, https://https://github.com/trantai3320/trantai3320.github.io.git/wp-content/uploads/2021/09/Spotify-la-gi-04-300x200.jpg 300w" sizes="(max-width: 600px) 100vw, 600px" /></p>
<div id="ftwp-postcontent">
<p style="text-align: left;">Spotify là phần mềm âm nhạc hay và chất lượng được nhiều người trên thế giới ưa chuộng. Thế nhưng dù đã về đến Việt Nam nhưng vẫn còn rất nhiều người chưa biết cách sử dụng Spotify. Bài viết sau đây <a href="https://lessonopoly.org/" target="_blank" rel="noopener">lessonopoly</a> sẽ hướng dẫn bạn cách sử dung Spotify.</p>
<figure id="attachment_1728" class="wp-caption aligncenter" aria-describedby="caption-attachment-1728"><img loading="lazy" class="aligncenter size-full wp-image-93" src="https://https://github.com/trantai3320/trantai3320.github.io.git/wp-content/uploads/2021/09/NYL_TWITTER_01_LikedSongs-1.gif" alt="Spotify là dịch vụ phát trực tiếp nhạc, podcast và video kỹ thuật số" width="600" height="338" /><figcaption id="caption-attachment-1728" class="wp-caption-text">Spotify là dịch vụ phát trực tiếp nhạc, podcast và video kỹ thuật số</figcaption></figure>
<h2 id="ftoc-heading-1" class="ftwp-heading" style="text-align: left;"><b>Spotify là gì?</b></h2>
<p style="text-align: left;">Spotify là dịch vụ phát trực tiếp nhạc, podcast và video kỹ thuật số cho phép bạn truy cập hàng triệu bài hát và các nội dung khác từ các nghệ sĩ trên khắp thế giới.</p>
<p style="text-align: left;">Các chức năng cơ bản như phát nhạc hoàn toàn miễn phí, nhưng bạn cũng có thể chọn nâng cấp lên Spotify Premium. Bạn cũng có thể làm theo cách khác:</p>
<p style="text-align: left;">Chọn nội dung bạn muốn nghe bằng cách Duyệt tìm và Tìm kiếm.</p>
<p style="text-align: left;">Nhận các đề xuất từ các tính năng cá nhân hóa, như Discover Weekly, Radar Phát hành, và Daily Mix.</p>
<p style="text-align: left;">Xây dựng bộ sưu tập âm nhạc.</p>
<p style="text-align: left;">Xem  bạn bè, nghệ sĩ và những người nổi tiếng đang nghe những gì.</p>
<p style="text-align: left;">Tạo  các đài phát Radio của riêng bạn.</p>
<p style="text-align: left;">Spotify khả dụng trên nhiều thiết bị, bao gồm máy tính, điện thoại, máy tính bảng, loa, TV và ô tô, và bạn có thể dễ dàng chuyển từ thiết bị này sang thiết bị khác bằng Spotify Connect.</p>
<p style="text-align: left;">Trước đây, Spotify hoàn toàn không hỗ trợ thị trường Việt Nam khiến cho người dùng muốn trải nghiệm dịch vụ này phải tạo IP ảo (fake IP) bằng VPN mới có thể trải nghiệm. Chính vì vậy, việc chính thức bước vào thị trường Việt Nam của ứng dụng này sẽ đem đến cho người dùng một lựa chọn mới cho dịch vụ nghe nhạc trực tuyến vốn đã bị Zing MP3 và NhacCuaTui chi phối suốt thời gian qua.</p>
<figure id="attachment_1764" class="wp-caption aligncenter" aria-describedby="caption-attachment-1764"><img loading="lazy" class="size-full wp-image-1764 lazyloaded" title="Hướng dẫn cách sử dụng spotify và những mẹo hay khi dùng spotify 6" src="https://sp-ao.shortpixel.ai/client/to_avif,q_glossy,ret_img,w_600,h_338/https://taikhoanspotify.com/wp-content/uploads/2020/12/cach-su-dung-Spotify-02.jpg" sizes="(max-width: 600px) 100vw, 600px" srcset="https://sp-ao.shortpixel.ai/client/to_avif,q_glossy,ret_img,w_600/https://taikhoanspotify.com/wp-content/uploads/2020/12/cach-su-dung-Spotify-02.jpg 600w, https://sp-ao.shortpixel.ai/client/q_glossy,ret_img,w_300/https://taikhoanspotify.com/wp-content/uploads/2020/12/cach-su-dung-Spotify-02-300x169.jpg 300w, https://sp-ao.shortpixel.ai/client/q_glossy,ret_img,w_343/https://taikhoanspotify.com/wp-content/uploads/2020/12/cach-su-dung-Spotify-02-343x193.jpg 343w" alt="Spotify khả dụng trên nhiều thiết bị, bao gồm máy tính, điện thoại, máy tính bảng, loa, TV" width="600" height="338" data-src="https://sp-ao.shortpixel.ai/client/to_avif,q_glossy,ret_img,w_600,h_338/https://taikhoanspotify.com/wp-content/uploads/2020/12/cach-su-dung-Spotify-02.jpg" data-srcset="https://sp-ao.shortpixel.ai/client/to_avif,q_glossy,ret_img,w_600/https://taikhoanspotify.com/wp-content/uploads/2020/12/cach-su-dung-Spotify-02.jpg 600w, https://sp-ao.shortpixel.ai/client/q_glossy,ret_img,w_300/https://taikhoanspotify.com/wp-content/uploads/2020/12/cach-su-dung-Spotify-02-300x169.jpg 300w, https://sp-ao.shortpixel.ai/client/q_glossy,ret_img,w_343/https://taikhoanspotify.com/wp-content/uploads/2020/12/cach-su-dung-Spotify-02-343x193.jpg 343w" data-sizes="(max-width: 600px) 100vw, 600px" /><figcaption id="caption-attachment-1764" class="wp-caption-text">Spotify khả dụng trên nhiều thiết bị, bao gồm máy tính, điện thoại, máy tính bảng, loa, TV</figcaption></figure>
<p style="text-align: left;">Nếu là lần đầu tiên sử dụng Spotify, người dùng sẽ được trải nghiệm gói Premium miễn phí trong vòng 1 tháng với yêu cầu phải cập nhật thông tin thẻ ngân hàng (để mua gói Premium về sau). Lưu ý, người dùng phải chủ động hủy gói hoặc xóa thông tin thẻ khỏi dịch vụ nếu không muốn Spotify Premium được gia hạn tự động.</p>
<p style="text-align: left;">Được biết, ngoài dịch vụ nghe nhạc miễn phí, Spotify còn giới thiệu dịch vụ Premium có giá 59.000đ mỗi tháng. Đây được coi là một mức giá khá phải chăng và có phần ưu ái thị trường Việt Nam của hãng khi thấp hơn rất nhiều so với $9.99 (tương đương 227.000đ) tại thị trường Mỹ.</p>
<p style="text-align: left;">Spotify sở hữu một công cụ tìm kiếm rất mạnh, theo đó người dùng có thể gõ tên bài hát, tên nghệ sĩ, Album… để có thể tìm kiếm. Với các nghệ sĩ và bài hát Việt, người dùng có thể gõ tên không dấu (ví dụ Son Tung MTP thay cho Sơn Tùng MTP). Ngoài ra, người dùng cũng có thể tận dụng các mục Related Artists, Album để tìm kiếm chi tiết hơn các album của nghệ sĩ, hay các nghệ sĩ liên quan.</p>
<h2 id="ftoc-heading-2" class="ftwp-heading" style="text-align: left;"><b>Cách sử dụng Spotify trên máy tính</b></h2>
<h3 id="ftoc-heading-3" class="ftwp-heading" style="text-align: left;"><b>Cách tìm bài hát</b></h3>
<p style="text-align: left;">Spotify là một kho nhạc đa dạng với số lượng hàng triệu các bài hát, bạn có thể tìm bài hát yêu thích của mình theo cách sau:</p>
<p style="text-align: left;">Vào ứng dụng Spotify &gt; Chọn biểu tượng Tìm kiếm (hình kính lúp) tại phía trên màn hình &gt; Nhập tên bài hát cần tìm vào ô tìm kiếm.</p>
<p style="text-align: left;">Bên cạnh việc tìm kiếm theo tên bài hát, Spotify còn hỗ trợ người dùng tìm kiếm bài hát chỉ bằng tên nghệ sĩ, tên thể loại nhạc, hay thậm chí là tìm bài hát theo năm.</p>
<p style="text-align: left;">Một số từ khóa cần nhớ khi tìm kiếm bằng cách này như sau: year (năm hoặc một khoảng thời gian mà bài hát được phát hành), genre (thể loại nhạc), label (hãng phát hành),…</p>
<p style="text-align: left;">Ví dụ: bạn có thể nhập “year:1984 AND genre:pop” để tìm kiếm bài hát phát hành 1984 và thể loại pop.</p>
<figure id="attachment_1725" class="wp-caption aligncenter" aria-describedby="caption-attachment-1725"><img loading="lazy" class="size-full wp-image-1725 lazyloaded" title="Hướng dẫn cách sử dụng spotify và những mẹo hay khi dùng spotify 7" src="https://sp-ao.shortpixel.ai/client/to_avif,q_glossy,ret_img,w_600,h_336/https://taikhoanspotify.com/wp-content/uploads/2020/12/Spotify-la-gi-05.jpg" sizes="(max-width: 600px) 100vw, 600px" srcset="https://sp-ao.shortpixel.ai/client/to_avif,q_glossy,ret_img,w_600/https://taikhoanspotify.com/wp-content/uploads/2020/12/Spotify-la-gi-05.jpg 600w, https://sp-ao.shortpixel.ai/client/q_glossy,ret_img,w_300/https://taikhoanspotify.com/wp-content/uploads/2020/12/Spotify-la-gi-05-300x168.jpg 300w, https://sp-ao.shortpixel.ai/client/q_glossy,ret_img,w_360/https://taikhoanspotify.com/wp-content/uploads/2020/12/Spotify-la-gi-05-360x201.jpg 360w, https://sp-ao.shortpixel.ai/client/q_glossy,ret_img,w_343/https://taikhoanspotify.com/wp-content/uploads/2020/12/Spotify-la-gi-05-343x192.jpg 343w" alt="Spotify là một kho nhạc đa dạng với số lượng hàng triệu các bài hát" width="600" height="336" data-src="https://sp-ao.shortpixel.ai/client/to_avif,q_glossy,ret_img,w_600,h_336/https://taikhoanspotify.com/wp-content/uploads/2020/12/Spotify-la-gi-05.jpg" data-srcset="https://sp-ao.shortpixel.ai/client/to_avif,q_glossy,ret_img,w_600/https://taikhoanspotify.com/wp-content/uploads/2020/12/Spotify-la-gi-05.jpg 600w, https://sp-ao.shortpixel.ai/client/q_glossy,ret_img,w_300/https://taikhoanspotify.com/wp-content/uploads/2020/12/Spotify-la-gi-05-300x168.jpg 300w, https://sp-ao.shortpixel.ai/client/q_glossy,ret_img,w_360/https://taikhoanspotify.com/wp-content/uploads/2020/12/Spotify-la-gi-05-360x201.jpg 360w, https://sp-ao.shortpixel.ai/client/q_glossy,ret_img,w_343/https://taikhoanspotify.com/wp-content/uploads/2020/12/Spotify-la-gi-05-343x192.jpg 343w" data-sizes="(max-width: 600px) 100vw, 600px" /><figcaption id="caption-attachment-1725" class="wp-caption-text">Spotify là một kho nhạc đa dạng với số lượng hàng triệu các bài hát</figcaption></figure>
<h3 id="ftoc-heading-4" class="ftwp-heading" style="text-align: left;"><b>Cách sử dụng Playlist (danh sách phát nhạc)</b></h3>
<p style="text-align: left;">Spotify hỗ trợ chức năng Playlist cho phép người dùng có thể sắp xếp các bài hát yêu thích của mình theo ý thích, tạo nên những phút giây tận hưởng âm nhạc trọn vẹn.</p>
<p style="text-align: left;"><b>Thêm bài hát bạn thích vào Playlist:</b></p>
<p style="text-align: left;">Nhấp chuột phải vào tên bài hát &gt; Rê chuột đến tùy chọn Add to Playlist (thêm bài hát vào danh sách) &gt; Tùy chọn vào danh sách cũ hoặc New playlist (danh sách mới).</p>
<p style="text-align: left;"><b>Thay đổi tên danh sách bài hát:</b></p>
<p style="text-align: left;">Nhấp chuột phải vào tên danh sách &gt; Chọn Edit Details (chỉnh sửa chi tiết) trong danh sách tùy chọn.</p>
<p style="text-align: left;">Nhập tên Playlist (danh sách bài hát) để thay tên tại mục Name &gt; Ghi chú cho Playlist vào ô Description (mô tả) &gt; Nhấn Save để lưu lại.</p>
<h3 id="ftoc-heading-5" class="ftwp-heading" style="text-align: left;"><b>Cách chia sẻ bài hát</b></h3>
<p style="text-align: left;">Bạn có 2 cách chia sẻ bài hát lên mạng xã hội:</p>
<p style="text-align: left;">Chia sẻ trực tiếp lên bảng tin của mạng xã hội bạn muốn.</p>
<p style="text-align: left;">Chia sẻ link bài hát riêng cho từng bạn bè.</p>
<p style="text-align: left;">[info]
<p style="text-align: left;">Spotify cho phép bạn chia sẻ các loại link sau:</p>
<p style="text-align: left;">Song Link: link dẫn đến bài hát trên trang web Spotify.</p>
<p style="text-align: left;">Embed Link: link nhúng dẫn đến bài hát.</p>
<p style="text-align: left;">Spotify URI: link dẫn đến bài hát trên ứng dụng Spotify.</p>
<p style="text-align: left;">Nhấp chuột phải vào tên bài hát &gt; Rê chuột đến tùy chọn Share trong danh sách các tùy chọn xuất hiện.</p>
<p style="text-align: left;">Tùy chọn mạng xã hội để chia sẻ trực tiếp bài hát lên bảng tin.</p>
<p style="text-align: left;">Tùy chọn loại link để sao chép đường dẫn đến bài hát &gt; Dùng tổ hợp phím Ctrl + V để dán đường dẫn đó tại bất kỳ đâu bạn muốn chia sẻ.</p>
<h3 id="ftoc-heading-6" class="ftwp-heading" style="text-align: left;"><b>Cách phát nhạc ngẫu nhiên</b></h3>
<p style="text-align: left;">Nhấn vào biểu tượng 2 mũi tên chéo nhau, biểu tượng đầu tiên trên thanh công cụ phát nhạc để sử dụng chế độ Shuffle Play (phát nhạc ngẫu nhiên), giúp mang đến cho người dùng những phút giây trải nghiệm âm nhạc độc đáo.</p>
<h2 id="ftoc-heading-7" class="ftwp-heading" style="text-align: left;"><b>Cách sử dụng spotify trên điện thoại</b></h2>
<h3 id="ftoc-heading-8" class="ftwp-heading" style="text-align: left;"><b>Cách tìm bài hát</b></h3>
<p style="text-align: left;">Vào ứng dụng Spotify &gt; Chọn biểu tượng Tìm kiếm (hình kính lúp) ở thanh menu phía dưới màn hình &gt; Nhập tên bài hát cần tìm vào ô tìm kiếm.</p>
<p style="text-align: left;">Spotify cho phép người dùng tìm kiếm bài hát chỉ bằng tên nghệ sĩ, tên thể loại nhạc, hay thậm chí là tìm bài hát theo năm.</p>
<p style="text-align: left;">Một số từ khóa cần nhớ khi tìm kiếm bằng cách này như sau: year (năm hoặc một khoảng thời gian mà bài hát được phát hành), genre (thể loại nhạc), label (hãng phát hành),…</p>
<p style="text-align: left;">Ví dụ: nhập “year:1984 AND genre:pop” để tìm kiếm bài hát phát hành 1984 và thể loại pop.</p>
<h3 id="ftoc-heading-9" class="ftwp-heading" style="text-align: left;"><b>Cách sử dụng Playlist (danh sách phát nhạc)</b></h3>
<p style="text-align: left;">Bước 1: Tại giao diện của bài hát &gt; Nhấn chọn biểu tượng dấu 3 chấm dọc phía trên bên phải màn hình để mở bảng tùy chọn của bài hát.</p>
<p style="text-align: left;">Bước 2: Chọn Thêm vào Playlist trong danh sách các tùy chọn xuất hiện phía dưới tên bài hát.</p>
<p style="text-align: left;">Bước 3: Tuỳ chọn vào danh sách cũ hoặc nhấn Playlist mới để tạo danh sách mới.</p>
<p style="text-align: left;">Bước 4: Đặt tên cho danh sách mới vừa tạo &gt; Nhấn Tạo để tạo danh sách mới.</p>
<h3 id="ftoc-heading-10" class="ftwp-heading" style="text-align: left;"><b>Cách hẹn giờ phát nhạc trong lúc ngủ</b></h3>
<p style="text-align: left;">Bước 1: Tại giao diện của bài hát, chọn vào biểu tượng dấu 3 chấm dọc phía trên bên phải màn hình để mở bảng các tùy chọn của bài hát.</p>
<p style="text-align: left;">Bước 2: Kéo xuống tìm và chọn Hẹn giờ đi ngủ trong danh sách các tùy chọn xuất hiện phía dưới tên bài hát.</p>
<p style="text-align: left;">Bước 3: Nhấn chọn thời gian phù hợp với bạn, Spotify sẽ tự động dừng phát nhạc khi hết thời gian.</p>
<h3 id="ftoc-heading-11" class="ftwp-heading" style="text-align: left;"><b>Cách chia sẻ link bài hát</b></h3>
<p style="text-align: left;">Tại giao diện bài hát &gt; Chọn vào biểu tượng 3 đường tròn kết nối để mở tùy chọn chia sẻ bài hát.</p>
<p style="text-align: left;">Tùy chọn vào biểu tượng của các trang mạng xã hội như: Facebook, Instagram,… để chia sẻ bài hát trực tiếp lên đó.</p>
<p style="text-align: left;">Nhấn chọn Sao chép Liên kết để sao chép đường dẫn đến bài hát, người dùng có thể dán đường dẫn đó tại bất kỳ đâu để chia sẻ bài hát.</p>
<h3 id="ftoc-heading-12" class="ftwp-heading" style="text-align: left;"><b>Cách phát nhạc ngẫu nhiên</b></h3>
<p style="text-align: left;">Nhấn vào biểu tượng 2 mũi tên chéo nhau, biểu tượng đầu tiên trên thanh công cụ phát nhạc để sử dụng chế độ Shuffle Play (phát nhạc ngẫu nhiên), giúp mang đến cho người dùng những phút giây trải nghiệm âm nhạc độc đáo.</p>
<h3 id="ftoc-heading-13" class="ftwp-heading" style="text-align: left;"><b>Cách xem lời bài hát</b></h3>
<p style="text-align: left;">Trong giao diện bài hát &gt; Kéo xuống để xem Lời bài hát phía dưới thanh công cụ phát nhạc.</p>
<p style="text-align: left;">Hãy tham khảo video sau đây để hiểu hơn về cách sử dụng Spotify bạn nhé!</p>
<div class="jetpack-video-wrapper" style="text-align: left;"><iframe title="Spotify và những điều cần biết!!!" src="about:blank" frameborder="0" allowfullscreen="allowfullscreen" data-lazyloaded="1" data-src="https://www.youtube.com/embed/ygoJgC4P5NU?feature=oembed" data-ratio="0.5620253164556962" data-width="790" data-height="444" data-mce-fragment="1"></iframe></div>
<h2 id="ftoc-heading-14" class="ftwp-heading" style="text-align: left;"><b>15 mẹo Spotify bạn không nên bỏ qua để có trải nghiệm nghe nhạc tốt hơn</b></h2>
<h3 id="ftoc-heading-15" class="ftwp-heading" style="text-align: left;"><b>Xem lời bài hát</b></h3>
<p style="text-align: left;">Spotify đã hợp tác với Genius để cung cấp lời bài hát cho các bài hát tiếng Anh được chọn. Các bạn tham khảo bài viết Cách bật lời bài hát trên Spotify để biết cách xem lời bài hát trên ứng dụng máy tính và smartphone.</p>
<h3 id="ftoc-heading-16" class="ftwp-heading" style="text-align: left;"><b>Khám phá các bản mix hàng ngày</b></h3>
<p style="text-align: left;">Có thể bạn đã biết đến “Discover Weekly” nhưng bạn có biết nó còn tạo các playlist Daily Mixes để nghe hàng ngày không? Một khi phát hiện ra thói quen nghe nhạc, gu âm nhạc của bạn, nó sẽ tạo một playlist với các bài hát ngẫu nhiên từ thể loại bạn hay nghe.</p>
<h3 id="ftoc-heading-17" class="ftwp-heading" style="text-align: left;"><b>Tìm kiếm tốt hơn</b></h3>
<p style="text-align: left;">Bạn thường tìm kiếm nhạc bằng tên nghệ sĩ, album hoặc tên bài hát nhưng Spotify còn cho phép bạn sử dụng các từ ngữ khác để tìm kiếm thông minh. Ví dụ, bạn có thể sử dụng cụm từ như Year:1973-1980 để tìm các bài hát trong khoảng thời gian đó. Bạn có thể sử dụng nhiều cụm từ khác nhau để tìm kiếm chính xác hơn.</p>
<h3 id="ftoc-heading-18" class="ftwp-heading" style="text-align: left;"><b>Spotify đề xuất âm nhạc tốt hơn</b></h3>
<p style="text-align: left;">Có rất nhiều bài hát mà bạn không thể nhớ tất cả. Nhờ vào âm nhạc đề xuất của Spotify, bạn có thể tìm thấy các bài hát mà bạn không hề biết nó tồn tại.</p>
<p style="text-align: left;">Để cải thiện các đề xuất đó, hãy thử các đài phát thanh và xếp hạng các bài hát. Bằng cách đó Spotify sẽ biết sở thích của bạn và đề xuất âm nhạc mà bạn thích.</p>
<p style="text-align: left;">Xem thêm: <a href="https://taikhoanspotify.com/cach-tai-va-nghe-nhac-offline-tren-spotify">Bật mí bạn cách tải và nghe nhạc offline trên spotify</a></p>
<p style="text-align: left;">Xem thêm:  <a href="https://taikhoanspotify.com/so-sanh-spotify-va-apple-music">Góc thú vị: So sánh spotify và apple music</a></p>
<h3 id="ftoc-heading-19" class="ftwp-heading" style="text-align: left;"><b>Thiết lập chất lượng nghe nhạc trên Spotify</b></h3>
<p style="text-align: left;">Để cải thiện chất lượng âm thanh của Spotify, bạn cần phải đi vào Settings bằng cách chạm vào tùy chọn “Your Library”. Chọn bánh xe răng cưa ở trên cùng bên phải và vuốt xuống cho đến khi bạn chuyển đến tùy chọn “Music Quality”.</p>
<p style="text-align: left;">Trong tùy chọn phát trực tuyến, bạn sẽ thấy chất lượng âm thanh được tự động thiết lập thành Automatic. Chọn nó và một menu thả xuống với nhiều tùy chọn hơn sẽ xuất hiện. Bạn có thể chọn các tùy chọn như Normal quality, High quality, and Extreme quality. Nếu muốn chọn chất lượng High hoặc Extreme, bạn cần nhớ rằng nó sẽ sử dụng nhiều dữ liệu hơn.</p>
<h3 id="ftoc-heading-20" class="ftwp-heading" style="text-align: left;"><b>Sử dụng phím tắt Spotify</b></h3>
<p style="text-align: left;">Sử dụng phím tắt luôn luôn tiện dụng và tiết kiệm thời gian. Dưới đây là một số phím tắt Spotify thông dụng.</p>
<p style="text-align: left;">Dấu cách: phát và dừng nhạc</p>
<p style="text-align: left;">Ctrl + mũi tên phải/Ctrl + Command + mũi tên phải (Mac): chuyển bài hát tiếp theo</p>
<p style="text-align: left;">Ctrl + mũi tên trái/Ctrl + Command + mũi tên trái (Mac): chuyển về bài hát trước</p>
<p style="text-align: left;">Ctrl + Mũi tên lên hoặc xuống/Command + Mũi tên lên hoặc xuống (Mac): điều chỉnh âm thanh</p>
<p style="text-align: left;">Ctrl + N: tạo playlist mới</p>
<h3 id="ftoc-heading-21" class="ftwp-heading" style="text-align: left;"><b>Khôi phục playlist đã xóa</b></h3>
<p style="text-align: left;">Bạn có thể dễ dàng khôi phục tất cả các playlist đã xóa từ giao diện web Spotify. Bạn chỉ cần đăng nhập vào Spotify và click vào Recover Playlists trong tài khoản của bạn.</p>
<p style="text-align: left;">Sau đó, chọn playlist bạn muốn khôi phục và click vào Restore. Playlist này sẽ được thêm vào khu vực playlist trên thiết bị của bạn.</p>
<h3 id="ftoc-heading-22" class="ftwp-heading" style="text-align: left;"><b>Xem lịch sử nghe nhạc trên Spotify</b></h3>
<p style="text-align: left;">Bạn có thể dễ dàng xem tất cả các bài hát đã nghe trên Spotify. Tính năng này rất tiện lợi khi quên thêm bài hát vào playlist và không thể nhớ tên. Bạn chỉ cần mở Queue ở dưới cùng bên cạnh bài hát đang phát (nó có biểu tượng là ba đường ngang), click vào History và bạn sẽ thấy tất cả các bài hát đã nghe.</p>
<h3 id="ftoc-heading-23" class="ftwp-heading" style="text-align: left;"><b>Thêm bài hát không có trên Spotify</b></h3>
<p style="text-align: left;">Nếu bài hát bạn muốn nghe không có trên Spotify, bạn có thể dễ dàng thêm một nguồn bên ngoài. Chuyển đến Settings trong Spotify. Trong Settings, hãy vuốt xuống cho đến khi bạn thấy tùy chọn Locate Files và click vào Add Source.</p>
<h3 id="ftoc-heading-24" class="ftwp-heading" style="text-align: left;"><b>Đồng bộ hóa Spotify với Shazam</b></h3>
<p style="text-align: left;">Bằng cách kết nối tài khoản Shazam với Spotify, bạn có thể tiết kiệm thời gian khi xác định một bài hát mới và thêm nó vào playlist. Khởi chạy Shazam và chạm vào My Shazam ở góc trên cùng bên trái. Click vào bánh xe hình răng cưa và trong phần Streaming, bạn sẽ thấy tùy chọn kết nối tài khoản Spotify của mình.</p>
<h3 id="ftoc-heading-25" class="ftwp-heading" style="text-align: left;"><b>Cộng tác tạo playlist</b></h3>
<p style="text-align: left;">Nếu bạn và bạn bè có gu âm nhạc giống nhau, hãy cộng tác để tạo playlist. Để tạo playlist, truy cập vào Your Library -&gt; Playlists -&gt; Choose a playlist -&gt; Options -&gt; Make Collaborative. Bạn và bạn bè có thể thêm, xóa, v.v… các bài hát trong playlist.</p>
<h3 id="ftoc-heading-26" class="ftwp-heading" style="text-align: left;"><b>Sắp xếp playlist vào thư mục</b></h3>
<p style="text-align: left;">Nếu có quá nhiều playlist, bạn có thể sắp xếp chúng vào thư mục để dễ dàng tìm kiếm. Tùy chọn này chỉ có thể thực hiện trên phiên bản máy tính của Spotify. Click vào ba dấu chấm trên cùng bên trái, chọn File -&gt; New Playlist Folder.</p>
<h3 id="ftoc-heading-27" class="ftwp-heading" style="text-align: left;"><b>Thay đổi vị trí lưu bài hát</b></h3>
<p style="text-align: left;">Nếu không muốn lưu bài hát ở vị trí mặc định, bạn hoàn toàn có thể thay đổi vị trí lưu nếu muốn. Click vào menu thả xuống và chọn Settings, cuộn xuống cho đến khi bạn thấy Advanced Settings và chọn nó.</p>
<p style="text-align: left;">Tìm tùy chọn Offline Songs Storage và click vào Change location, chọn vị trí lưu mới.</p>
<h3 id="ftoc-heading-28" class="ftwp-heading" style="text-align: left;"><b>Kiểm soát stream từ máy tính lên điện thoại (chỉ dành cho phiên bản cao cấp)</b></h3>
<p style="text-align: left;">Sau khi mở trình phát web Spotify trên máy tính, khởi chạy ứng dụng Spotify trên điện thoại. Bài hát bạn đang nghe sẽ được hiển thị ở cuối màn hình. Chạm vào bài hát và bạn sẽ thấy trình phát với các tùy chọn dừng phát, phát lại, v.v…</p>
<h3 id="ftoc-heading-29" class="ftwp-heading" style="text-align: left;"><b>Nghe nhạc ngoại tuyến (Chỉ dành cho phiên bản cao cấp)</b></h3>
<p style="text-align: left;">Tính năng này là một trong những lý do bạn nên nâng cấp lên gói cao cấp bởi vì nó rất tiện lợi, bạn có thể nghe nhạc mà không cần kết nối Internet. Để kích hoạt chế độ ngoại tuyến, chọn playlist bạn muốn nghe ngoại tuyến. Bên phải trên cùng của playlist bạn sẽ thấy tùy chọn Download.</p>
<p style="text-align: left;">Bài viết trên đã gửi đến bạn cách sử dụng Spotify. Hy vọng bài viết trên có thể giúp ích được cho bạn. Spotify là nền tảng âm nhạc hay và nổi tiếng trên toàn thế giới, muốn sở hữu một nền tảng âm nhạc để thư giản sau những giây phút căng thẳng hãy tải ngay Spotify bạn nhé!</p>
</div>
</div>
<p>The post <a rel="nofollow" href="https://https://github.com/trantai3320/trantai3320.github.io.git/huong-dan-cach-su-dung-spotify-va-nhung-meo-hay-khi-dung-spotify/">Hướng dẫn cách sử dụng spotify và những mẹo hay khi dùng spotify</a> appeared first on <a rel="nofollow" href="https://https://github.com/trantai3320/trantai3320.github.io.git/">Spotify Account</a>.</p>
]]></content:encoded>
					
					<wfw:commentRss>https://https://github.com/trantai3320/trantai3320.github.io.git/huong-dan-cach-su-dung-spotify-va-nhung-meo-hay-khi-dung-spotify/feed/</wfw:commentRss>
			<slash:comments>0</slash:comments>
		
		
		<post-id xmlns="com-wordpress:feed-additions:1">85</post-id>	</item>
	</channel>
</rss>
