<?xml version="1.0" encoding="UTF-8"?><rss version="2.0"
	xmlns:content="http://purl.org/rss/1.0/modules/content/"
	xmlns:dc="http://purl.org/dc/elements/1.1/"
	xmlns:atom="http://www.w3.org/2005/Atom"
	xmlns:sy="http://purl.org/rss/1.0/modules/syndication/"
	
	xmlns:georss="http://www.georss.org/georss"
	xmlns:geo="http://www.w3.org/2003/01/geo/wgs84_pos#"
	
	>
<channel>
	<title>
	Các phản hồi luận về: Bật mí bạn cách tải và nghe nhạc offline trên spotify	</title>
	<atom:link href="https://github.com/trantai3320/trantai3320.github.io.git/bat-mi-ban-cach-tai-va-nghe-nhac-offline-tren-spotify/feed/" rel="self" type="application/rss+xml" />
	<link>https://github.com/trantai3320/trantai3320.github.io.git/bat-mi-ban-cach-tai-va-nghe-nhac-offline-tren-spotify/</link>
	<description>Manager Account Spotify</description>
	<lastBuildDate>Wed, 08 Sep 2021 13:12:23 +0000</lastBuildDate>
	<sy:updatePeriod>
	hourly	</sy:updatePeriod>
	<sy:updateFrequency>
	1	</sy:updateFrequency>
	<generator>https://wordpress.org/?v=5.8.1</generator>
</channel>
</rss>
