<?xml version="1.0" encoding="UTF-8"?><rss version="2.0"
	xmlns:content="http://purl.org/rss/1.0/modules/content/"
	xmlns:wfw="http://wellformedweb.org/CommentAPI/"
	xmlns:dc="http://purl.org/dc/elements/1.1/"
	xmlns:atom="http://www.w3.org/2005/Atom"
	xmlns:sy="http://purl.org/rss/1.0/modules/syndication/"
	xmlns:slash="http://purl.org/rss/1.0/modules/slash/"
	
	xmlns:georss="http://www.georss.org/georss"
	xmlns:geo="http://www.w3.org/2003/01/geo/wgs84_pos#"
	>

<channel>
	<title>Gói Dịch Vụ &#8211; Spotify Account</title>
	<atom:link href="https://https://github.com/trantai3320/trantai3320.github.io.git/danh-muc-san-pham/goi-dich-vu/feed/" rel="self" type="application/rss+xml" />
	<link>https://https://github.com/trantai3320/trantai3320.github.io.git/</link>
	<description>Manager Account Spotify</description>
	<lastBuildDate>Thu, 16 Sep 2021 09:38:53 +0000</lastBuildDate>
	<language>vi</language>
	<sy:updatePeriod>
	hourly	</sy:updatePeriod>
	<sy:updateFrequency>
	1	</sy:updateFrequency>
	<generator>https://wordpress.org/?v=5.8.1</generator>

<image>
	<url>https://https://github.com/trantai3320/trantai3320.github.io.git/wp-content/uploads/2021/09/cropped-unnamed-32x32.png</url>
	<title>Gói Dịch Vụ &#8211; Spotify Account</title>
	<link>https://https://github.com/trantai3320/trantai3320.github.io.git/</link>
	<width>32</width>
	<height>32</height>
</image> 
<site xmlns="com-wordpress:feed-additions:1">197514340</site>	<item>
		<title>[BEGINER] Premium 1 Tháng</title>
		<link>https://https://github.com/trantai3320/trantai3320.github.io.git/san-pham/beginer-premium-1-thang/</link>
					<comments>https://https://github.com/trantai3320/trantai3320.github.io.git/san-pham/beginer-premium-1-thang/#respond</comments>
		
		<dc:creator><![CDATA[admin]]></dc:creator>
		<pubDate>Thu, 16 Sep 2021 09:28:08 +0000</pubDate>
				<guid isPermaLink="false">https://https://github.com/trantai3320/trantai3320.github.io.git/?post_type=product&#038;p=212</guid>

					<description><![CDATA[<p>Tài khoản bị lỗi sẽ được bảo hành ngay lập tức<br />
Tài khoản được nâng trên chính tài khoản Quý khách hàng<br />
BẢO HÀNH 1 Tháng</p>
<p>The post <a rel="nofollow" href="https://https://github.com/trantai3320/trantai3320.github.io.git/san-pham/beginer-premium-1-thang/">[BEGINER] Premium 1 Tháng</a> appeared first on <a rel="nofollow" href="https://https://github.com/trantai3320/trantai3320.github.io.git/">Spotify Account</a>.</p>
]]></description>
										<content:encoded><![CDATA[<div class="plan-feature"><span class="_5mfr"><span class="_6qdm"><img class="emoji" role="img" draggable="false" src="https://s.w.org/images/core/emoji/13.0.0/svg/1f308.svg" alt="&#x1f308;" /></span></span> Gói Spotify Premium 1 Tháng chỉ 25K</div>
<div><span class="_5mfr"><span class="_6qdm"><img class="emoji" role="img" draggable="false" src="https://s.w.org/images/core/emoji/13.0.0/svg/1f308.svg" alt="&#x1f308;" /> Gói dịch vụ được quản lý trực tiếp trên tài khoản chính chủ.<br />
<img class="emoji" role="img" draggable="false" src="https://s.w.org/images/core/emoji/13.0.0/svg/1f308.svg" alt="&#x1f308;" /> Cam kết không bị tình trạng bị xóa khỏi, mất Premium trong suốt quá trình sử dụng.</span></span></div>
<div class="plan-feature"><span class="_5mfr"><span class="_6qdm"><img class="emoji" role="img" draggable="false" src="https://s.w.org/images/core/emoji/13.0.0/svg/1f308.svg" alt="&#x1f308;" /></span></span> No Ads: Nói không với quảng cáo phiền phức.<br />
<span class="_5mfr"><span class="_6qdm"><img class="emoji" role="img" draggable="false" src="https://s.w.org/images/core/emoji/13.0.0/svg/1f308.svg" alt="&#x1f308;" /></span></span> Unlimited Skips: Tự do skip bài hát thỏa mái không bị gò bó.<br />
<span class="_5mfr"><span class="_6qdm"><img class="emoji" role="img" draggable="false" src="https://s.w.org/images/core/emoji/13.0.0/svg/1f308.svg" alt="&#x1f308;" /></span></span> Download Offline: Ưu điểm lớn nhất, bạn có thể download tất cả các bài hát bạn yêu thích về máy và có thể nghe nhạc offline phòng trường hợp không có mạng.<br />
<span class="_5mfr"><span class="_6qdm"><img class="emoji" role="img" draggable="false" src="https://s.w.org/images/core/emoji/13.0.0/svg/1f308.svg" alt="&#x1f308;" /></span></span> High-resolution audio: Spotify Free cung cấp nhạc tiêu chuẩn 96 kbps hoặc 160 kbps trên mobile, trên web và máy tính sẽ là 160 kbps. Nếu lên Premium, bạn sẽ có nhạc 320 kbps, lossless chất lượng phòng thu.</div>
<p>The post <a rel="nofollow" href="https://https://github.com/trantai3320/trantai3320.github.io.git/san-pham/beginer-premium-1-thang/">[BEGINER] Premium 1 Tháng</a> appeared first on <a rel="nofollow" href="https://https://github.com/trantai3320/trantai3320.github.io.git/">Spotify Account</a>.</p>
]]></content:encoded>
					
					<wfw:commentRss>https://https://github.com/trantai3320/trantai3320.github.io.git/san-pham/beginer-premium-1-thang/feed/</wfw:commentRss>
			<slash:comments>0</slash:comments>
		
		
		<post-id xmlns="com-wordpress:feed-additions:1">212</post-id>	</item>
		<item>
		<title>[DELUXE] Premium 6 Tháng</title>
		<link>https://https://github.com/trantai3320/trantai3320.github.io.git/san-pham/deluxe-premium-6-thang/</link>
					<comments>https://https://github.com/trantai3320/trantai3320.github.io.git/san-pham/deluxe-premium-6-thang/#respond</comments>
		
		<dc:creator><![CDATA[admin]]></dc:creator>
		<pubDate>Sat, 11 Sep 2021 02:53:57 +0000</pubDate>
				<guid isPermaLink="false">https://https://github.com/trantai3320/trantai3320.github.io.git/?post_type=product&#038;p=166</guid>

					<description><![CDATA[<p>Tài khoản bị lỗi sẽ được bảo hành ngay lập tức<br />
Tài khoản được nâng trên chính tài khoản Quý khách hàng<br />
BẢO HÀNH 6 Tháng</p>
<p>The post <a rel="nofollow" href="https://https://github.com/trantai3320/trantai3320.github.io.git/san-pham/deluxe-premium-6-thang/">[DELUXE] Premium 6 Tháng</a> appeared first on <a rel="nofollow" href="https://https://github.com/trantai3320/trantai3320.github.io.git/">Spotify Account</a>.</p>
]]></description>
										<content:encoded><![CDATA[<div class="plan-feature"><span class="_5mfr"><span class="_6qdm"><img class="emoji" role="img" draggable="false" src="https://s.w.org/images/core/emoji/13.0.0/svg/1f308.svg" alt="&#x1f308;" /></span></span> Gói Spotify Premium 6 Tháng chỉ 100K</div>
<div><span class="_5mfr"><span class="_6qdm"><img class="emoji" role="img" draggable="false" src="https://s.w.org/images/core/emoji/13.0.0/svg/1f308.svg" alt="&#x1f308;" /> Gói dịch vụ được quản lý trực tiếp trên tài khoản chính chủ.<br />
<img class="emoji" role="img" draggable="false" src="https://s.w.org/images/core/emoji/13.0.0/svg/1f308.svg" alt="&#x1f308;" /> Cam kết không bị tình trạng bị xóa khỏi, mất Premium trong suốt quá trình sử dụng.</span></span></div>
<div class="plan-feature"><span class="_5mfr"><span class="_6qdm"><img class="emoji" role="img" draggable="false" src="https://s.w.org/images/core/emoji/13.0.0/svg/1f308.svg" alt="&#x1f308;" /></span></span> No Ads: Nói không với quảng cáo phiền phức.<br />
<span class="_5mfr"><span class="_6qdm"><img class="emoji" role="img" draggable="false" src="https://s.w.org/images/core/emoji/13.0.0/svg/1f308.svg" alt="&#x1f308;" /></span></span> Unlimited Skips: Tự do skip bài hát thỏa mái không bị gò bó.<br />
<span class="_5mfr"><span class="_6qdm"><img class="emoji" role="img" draggable="false" src="https://s.w.org/images/core/emoji/13.0.0/svg/1f308.svg" alt="&#x1f308;" /></span></span> Download Offline: Ưu điểm lớn nhất, bạn có thể download tất cả các bài hát bạn yêu thích về máy và có thể nghe nhạc offline phòng trường hợp không có mạng.<br />
<span class="_5mfr"><span class="_6qdm"><img class="emoji" role="img" draggable="false" src="https://s.w.org/images/core/emoji/13.0.0/svg/1f308.svg" alt="&#x1f308;" /></span></span> High-resolution audio: Spotify Free cung cấp nhạc tiêu chuẩn 96 kbps hoặc 160 kbps trên mobile, trên web và máy tính sẽ là 160 kbps. Nếu lên Premium, bạn sẽ có nhạc 320 kbps, lossless chất lượng phòng thu.</div>
<p>The post <a rel="nofollow" href="https://https://github.com/trantai3320/trantai3320.github.io.git/san-pham/deluxe-premium-6-thang/">[DELUXE] Premium 6 Tháng</a> appeared first on <a rel="nofollow" href="https://https://github.com/trantai3320/trantai3320.github.io.git/">Spotify Account</a>.</p>
]]></content:encoded>
					
					<wfw:commentRss>https://https://github.com/trantai3320/trantai3320.github.io.git/san-pham/deluxe-premium-6-thang/feed/</wfw:commentRss>
			<slash:comments>0</slash:comments>
		
		
		<post-id xmlns="com-wordpress:feed-additions:1">166</post-id>	</item>
		<item>
		<title>[ULTIMATE] Premium Vĩnh viễn</title>
		<link>https://https://github.com/trantai3320/trantai3320.github.io.git/san-pham/ultimate-premium-vinh-vien/</link>
					<comments>https://https://github.com/trantai3320/trantai3320.github.io.git/san-pham/ultimate-premium-vinh-vien/#respond</comments>
		
		<dc:creator><![CDATA[admin]]></dc:creator>
		<pubDate>Sat, 11 Sep 2021 02:51:50 +0000</pubDate>
				<guid isPermaLink="false">https://https://github.com/trantai3320/trantai3320.github.io.git/?post_type=product&#038;p=164</guid>

					<description><![CDATA[<p>Tài khoản bị lỗi sẽ được bảo hành ngay lập tức<br />
Tài khoản được nâng trên chính tài khoản Quý khách hàng<br />
BẢO HÀNH 3 NĂM</p>
<p>The post <a rel="nofollow" href="https://https://github.com/trantai3320/trantai3320.github.io.git/san-pham/ultimate-premium-vinh-vien/">[ULTIMATE] Premium Vĩnh viễn</a> appeared first on <a rel="nofollow" href="https://https://github.com/trantai3320/trantai3320.github.io.git/">Spotify Account</a>.</p>
]]></description>
										<content:encoded><![CDATA[<div class="plan-feature"><span class="_5mfr"><span class="_6qdm"><img class="emoji" role="img" draggable="false" src="https://s.w.org/images/core/emoji/13.0.0/svg/1f308.svg" alt="&#x1f308;" /></span></span> Gói Spotify Premium Vĩnh viễn chỉ 399K</div>
<div><span class="_5mfr"><span class="_6qdm"><img class="emoji" role="img" draggable="false" src="https://s.w.org/images/core/emoji/13.0.0/svg/1f308.svg" alt="&#x1f308;" /> Gói dịch vụ được quản lý trực tiếp trên tài khoản chính chủ, nói không với dạng token upgrader.<br />
<img class="emoji" role="img" draggable="false" src="https://s.w.org/images/core/emoji/13.0.0/svg/1f308.svg" alt="&#x1f308;" /> Cam kết không bị tình trạng bị xóa khỏi, mất Premium trong suốt quá trình sử dụng.<br />
</span></span></div>
<div class="plan-feature"><span class="_5mfr"><span class="_6qdm"><img class="emoji" role="img" draggable="false" src="https://s.w.org/images/core/emoji/13.0.0/svg/1f308.svg" alt="&#x1f308;" /></span></span> No Ads: Nói không với quảng cáo phiền phức.<br />
<span class="_5mfr"><span class="_6qdm"><img class="emoji" role="img" draggable="false" src="https://s.w.org/images/core/emoji/13.0.0/svg/1f308.svg" alt="&#x1f308;" /></span></span> Unlimited Skips: Tự do skip bài hát thỏa mái không bị gò bó.<br />
<span class="_5mfr"><span class="_6qdm"><img class="emoji" role="img" draggable="false" src="https://s.w.org/images/core/emoji/13.0.0/svg/1f308.svg" alt="&#x1f308;" /></span></span> Download Offline: Ưu điểm lớn nhất, bạn có thể download tất cả các bài hát bạn yêu thích về máy và có thể nghe nhạc offline phòng trường hợp không có mạng.<br />
<span class="_5mfr"><span class="_6qdm"><img class="emoji" role="img" draggable="false" src="https://s.w.org/images/core/emoji/13.0.0/svg/1f308.svg" alt="&#x1f308;" /></span></span> High-resolution audio: Spotify Free cung cấp nhạc tiêu chuẩn 96 kbps hoặc 160 kbps trên mobile, trên web và máy tính sẽ là 160 kbps. Nếu lên Premium, bạn sẽ có nhạc 320 kbps, lossless chất lượng phòng thu.</div>
<p>The post <a rel="nofollow" href="https://https://github.com/trantai3320/trantai3320.github.io.git/san-pham/ultimate-premium-vinh-vien/">[ULTIMATE] Premium Vĩnh viễn</a> appeared first on <a rel="nofollow" href="https://https://github.com/trantai3320/trantai3320.github.io.git/">Spotify Account</a>.</p>
]]></content:encoded>
					
					<wfw:commentRss>https://https://github.com/trantai3320/trantai3320.github.io.git/san-pham/ultimate-premium-vinh-vien/feed/</wfw:commentRss>
			<slash:comments>0</slash:comments>
		
		
		<post-id xmlns="com-wordpress:feed-additions:1">164</post-id>	</item>
		<item>
		<title>[ECONOMY] Premium 1 Năm</title>
		<link>https://https://github.com/trantai3320/trantai3320.github.io.git/san-pham/economy-premium-1-nam/</link>
					<comments>https://https://github.com/trantai3320/trantai3320.github.io.git/san-pham/economy-premium-1-nam/#respond</comments>
		
		<dc:creator><![CDATA[admin]]></dc:creator>
		<pubDate>Sat, 11 Sep 2021 02:42:53 +0000</pubDate>
				<guid isPermaLink="false">https://https://github.com/trantai3320/trantai3320.github.io.git/?post_type=product&#038;p=159</guid>

					<description><![CDATA[<p>Tài khoản bị lỗi sẽ được bảo hành ngay lập tức<br />
Tài khoản được nâng trên chính tài khoản Quý khách hàng<br />
BẢO HÀNH 1 Năm</p>
<p>The post <a rel="nofollow" href="https://https://github.com/trantai3320/trantai3320.github.io.git/san-pham/economy-premium-1-nam/">[ECONOMY] Premium 1 Năm</a> appeared first on <a rel="nofollow" href="https://https://github.com/trantai3320/trantai3320.github.io.git/">Spotify Account</a>.</p>
]]></description>
										<content:encoded><![CDATA[<div class="plan-feature"><span class="_5mfr"><span class="_6qdm"><img class="emoji" role="img" draggable="false" src="https://s.w.org/images/core/emoji/13.0.0/svg/1f308.svg" alt="&#x1f308;" /></span></span> Gói Spotify Premium 1 năm chỉ 160K</div>
<div><span class="_5mfr"><span class="_6qdm"><img class="emoji" role="img" draggable="false" src="https://s.w.org/images/core/emoji/13.0.0/svg/1f308.svg" alt="&#x1f308;" /> Gói dịch vụ được quản lý trực tiếp trên tài khoản chính chủ.<br />
</span></span></div>
<div class="plan-feature"><span class="_5mfr"><span class="_6qdm"><img class="emoji" role="img" draggable="false" src="https://s.w.org/images/core/emoji/13.0.0/svg/1f308.svg" alt="&#x1f308;" /></span></span> No Ads: Nói không với quảng cáo phiền phức.<br />
<span class="_5mfr"><span class="_6qdm"><img class="emoji" role="img" draggable="false" src="https://s.w.org/images/core/emoji/13.0.0/svg/1f308.svg" alt="&#x1f308;" /></span></span> Unlimited Skips: Tự do skip bài hát thỏa mái không bị gò bó.<br />
<span class="_5mfr"><span class="_6qdm"><img class="emoji" role="img" draggable="false" src="https://s.w.org/images/core/emoji/13.0.0/svg/1f308.svg" alt="&#x1f308;" /></span></span> Download Offline: Ưu điểm lớn nhất, bạn có thể download tất cả các bài hát bạn yêu thích về máy và có thể nghe nhạc offline phòng trường hợp không có mạng.<br />
<span class="_5mfr"><span class="_6qdm"><img class="emoji" role="img" draggable="false" src="https://s.w.org/images/core/emoji/13.0.0/svg/1f308.svg" alt="&#x1f308;" /></span></span> High-resolution audio: Spotify Free cung cấp nhạc tiêu chuẩn 96 kbps hoặc 160 kbps trên mobile, trên web và máy tính sẽ là 160 kbps. Nếu lên Premium, bạn sẽ có nhạc 320 kbps, lossless chất lượng phòng thu.</div>
<p>The post <a rel="nofollow" href="https://https://github.com/trantai3320/trantai3320.github.io.git/san-pham/economy-premium-1-nam/">[ECONOMY] Premium 1 Năm</a> appeared first on <a rel="nofollow" href="https://https://github.com/trantai3320/trantai3320.github.io.git/">Spotify Account</a>.</p>
]]></content:encoded>
					
					<wfw:commentRss>https://https://github.com/trantai3320/trantai3320.github.io.git/san-pham/economy-premium-1-nam/feed/</wfw:commentRss>
			<slash:comments>0</slash:comments>
		
		
		<post-id xmlns="com-wordpress:feed-additions:1">159</post-id>	</item>
	</channel>
</rss>
